625,2400
149.99893317086827,0.008848407167279656,True
169.9908806033752,-0.0056632604821841475,False
189.99623880163563,0.00026658184731220835,False
210.0089230067695,0.00848379990155143,False
229.9919124013276,-0.003821451731250862,False
250.0056556718057,0.007902008415468247,False
270.0054040225406,-0.0007715552333620868,False
289.9999804902595,-0.00320606799703749,False
310.00181970945437,-0.007435256487448603,True
330.0049314031282,0.006749679824278472,False
350.0054823513113,-0.009781269982793437,False
370.0091955062028,-0.0015956459774169544,False
389.99026595025657,0.004445825834436529,False
409.99718160145625,-0.00617670649064759,False
430.0004257135004,-0.008419311600589544,False
449.9974957977497,0.003951025617330364,False
470.00734405965784,0.006109196549517833,True
490.0069963883282,-0.004831700709348652,False
509.99790644329886,0.005614665011588938,False
529.9966829599368,0.007066614195211611,False
549.9946734419317,0.00859390974840918,False
569.9937507433008,0.0007126764606417528,False
590.0007266821307,0.0011317729184568415,False
610.0021276039602,0.0037937912633352645,False
630.0098986976814,-0.006258214544436389,True
149.99694214295624,19.99812921640251,False
169.9976790370049,19.996481543780053,False
190.00835890694717,20.005525582077492,False
209.9918860279124,20.00100274191288,False
230.0068633362815,19.99766150618819,False
249.99265726157492,19.998011850839887,False
270.0029458361968,20.001419902953586,False
289.99615898602644,19.998958413672433,False
310.0031454716678,20.007558125627998,False
330.00202084916765,20.008804803076575,False
349.9933488791488,19.99041425974461,False
370.00699075486983,20.007454972374042,False
390.00872009643086,19.990833028890368,False
410.00623678091114,19.996397636331732,False
429.99919059241523,19.997023494443788,False
450.00577004561563,20.003513439057304,False
469.9959671115906,19.991717260304444,False
489.9939892229705,19.999395991468067,False
509.9994766861314,20.00624746789276,False
530.0010295183558,20.00044991624557,False
550.0006584454045,19.994921325583974,False
569.993064364443,19.99825190424252,False
590.0046776230938,19.996631724574048,False
609.9963392570836,19.996778522810008,False
629.9922098430145,20.004324409609392,False
149.99072797174426,39.999326194781325,False
169.999966700428,40.00386024228896,False
189.99847395553266,39.99603658182109,False
210.00605917974875,40.009703619335816,False
229.995483165179,40.00709858053799,False
249.99946976879832,39.99223492313808,False
269.9901431874634,40.0050171348338,False
290.00769798859443,39.994817055094074,False
310.0061017972104,40.00097940568092,False
329.9990713405159,39.99260335938946,False
350.00085178519083,40.00173224927374,False
370.0073866508344,39.999056320505176,False
389.9901135933973,40.00325095490516,False
409.99048223900115,40.00669231044627,False
430.00103473851857,40.002094277593,False
450.00832016504575,40.00892413295149,False
469.9960625602487,39.99974884034743,False
489.99943731274146,39.999782533527934,False
510.0032718492731,40.00825620762596,False
530.0023329359325,40.0061735875614,False
549.9915903153691,40.00237024380289,False
569.9933679497386,40.00805999635314,False
589.9912563746442,39.99465601515397,False
609.9927951782054,40.00178744445349,False
630.0004123226059,39.99167361755631,False
149.99643986634754,60.00021040316491,False
170.00671684929614,59.99753288408514,False
189.9964745834102,59.99413545197612,False
210.0061873785217,60.006626364464765,False
229.99969606303586,59.99816873503228,False
250.00017391829192,60.00307399557882,False
269.99509657729624,60.005018966969786,False
289.9909175515626,60.007791107979536,False
309.995279476951,60.00999035809097,False
330.00692243210915,60.00650846189912,False
350.0090294271878,59.99102541711896,False
369.99615160270776,59.994181803648615,False
389.9937526611276,59.997075528725134,False
409.9952941382603,60.002120784301546,False
429.996600482793,60.00385269690046,False
450.00640150197836,60.00719681620599,False
470.0017570629161,59.999191397508675,False
489.9940724567251,60.00697180888206,False
509.9983807125202,60.007055602917156,False
530.0085815869461,60.00874230342433,False
549.9932838643161,60.00464176309923,False
570.001216491913,60.00075167853287,False
589.995728691846,59.992295034596275,False
609.9964651800107,59.99887070225057,False
629.9981708751686,60.00713143591873,False
150.0085795688594,79.99011784948003,False
169.99220331875853,80.00276814505335,False
189.99020732255377,79.99423016592404,False
210.00669394706037,79.99465468200977,False
229.99751553702527,79.99647748363098,False
250.0070832081225,80.00171786497077,False
270.00675993417565,80.0026006376062,False
290.00517409109506,80.00394847250358,False
310.00586417110264,79.99838324648759,False
330.007655742037,79.99843609051068,False
350.0023261513605,79.99879303964701,False
370.0099935394179,79.9988819354607,False
389.9970199616633,79.9987279991483,False
409.99085382025106,80.00472996343996,False
429.9920555869582,80.00216216005767,False
450.0037840084815,80.0008881777686,False
469.99220076437865,79.99375886511169,False
490.00074988211776,79.99988917514631,False
510.00679695712915,80.00103115068062,False
530.0078664672313,80.00819201240357,False
549.9909355292176,80.00712771753079,False
569.994709914602,80.00261546870018,False
589.9931265581292,80.00631300757416,False
609.9914719879417,80.006782312468,False
630.0035538976551,79.99087061995674,False
149.99167725378942,100.00093473794793,False
170.00176176568925,99.993796214872,False
189.99047712113608,100.00893675635496,False
209.9948088322647,100.00473956408744,False
229.99447334237107,99.99573918025645,False
250.00058192381863,99.9989090727558,False
269.99343255566623,99.99621094173904,False
290.00255666825257,100.00579317969861,False
309.9918089011367,100.00282805955612,False
330.00301885849774,100.00148028360309,False
350.00164187035415,99.99271171529186,False
369.9998047550088,100.00658628806538,False
390.00935793268826,99.99763808994764,False
409.9935205098743,99.9927456617667,False
430.008395454162,100.00713643006041,False
449.99946099597537,100.00143942735394,False
470.00944403895784,99.99998063965401,False
489.99746030762844,99.99335258030077,False
509.9953638645556,99.99380192764075,False
530.0009951421231,99.99597816540276,False
550.000977208022,99.9925641493533,False
570.0068583989777,99.99534196723864,False
590.0026972644647,100.00171678924004,False
610.0015144930101,99.99600809220092,False
630.005040505539,99.99330543215635,False
150.0074634191659,120.0096382013921,False
170.008178991301,120.00201465741205,False
189.99172728700938,120.00270254821827,False
209.9909845868581,120.0096549185903,False
229.99869154288095,119.99555455009477,False
250.0046349765618,119.99930414240393,False
270.0015106376901,119.99979401459191,False
289.998930087304,120.00524800326731,False
310.00455415822626,120.00062192222836,False
329.9986131480367,120.000441040748,False
349.9969021469264,120.00430743794229,False
369.99913335844394,119.99455743377473,False
390.0024463700336,120.00633131321293,False
410.00612664302423,120.00666531799807,False
430.0053746612148,120.00108970169697,False
450.0003581265722,120.00639584387922,False
469.99523672422526,119.9980836674727,False
489.9922674252254,120.00400104478882,False
509.9959447422358,119.99811511609126,False
530.0036046509126,120.00423725603629,False
550.0083759717112,119.99296489528638,False
570.0038244476203,120.00955564087126,False
590.0077162705132,119.9933997043424,False
610.0084695638853,120.0041021684295,False
629.9956930537921,119.99489188939518,False
149.9923681796351,140.00666043314342,False
170.0095262487789,139.99990067717,False
190.00889395132452,139.99069687724543,False
209.9992038252638,139.9992941779723,False
229.99220827963242,139.99967210851216,False
250.00444348263733,140.0052424427666,False
270.00539649166643,139.9980369191568,False
289.9944592786637,139.9932455019429,False
309.99174433076416,140.00398357508732,False
330.00791424494395,139.9932286238876,False
349.99851283516,140.00300902731883,False
370.0027748174911,140.00001716900525,False
390.0045153457962,139.99244360595708,False
409.99268029682213,139.99096793946367,False
430.00295214727225,139.99415253578766,False
450.00868046180403,140.0003075461602,False
469.99753074143143,139.99376271065074,False
490.0013897418893,139.99263588679614,False
509.9953476374415,139.99084146091582,False
530.0027462163868,140.00936942178865,False
549.9908711894102,139.9946559021119,False
569.998700805815,139.99943023051074,False
590.002947258662,140.00490798730235,False
610.0008841914831,139.99942822227626,False
630.0082750231992,139.99731728394423,False
149.99877401725246,160.0037337129445,False
169.99927394395374,159.99305940746282,False
190.0003663616869,159.9950978034853,False
209.99916240244306,160.0052498539645,False
229.9938870520381,160.00055125503854,False
249.9991878340097,159.99748736599577,False
270.00880386470226,160.00232740863433,False
290.00019548405254,159.9979503543576,False
309.9961003260397,160.00568489851906,False
329.9921446749776,160.00540645836352,False
350.0037585428039,160.00930327595796,False
369.995578129159,159.9937599580153,False
389.99175987748646,159.99801462941406,False
410.00522685738224,159.99014851867656,False
429.99929039905163,160.00021947134059,False
449.99666763585435,159.9997129025365,False
469.993298628664,159.99400787803788,False
490.001409541348,160.0092196202629,False
510.00230523794033,160.0060639980486,False
530.0056309158983,160.00118771168195,False
549.9998866922741,160.00869228261809,False
569.9910985126741,160.00785110959487,False
589.9908775519806,160.0050780908637,False
610.0079130664966,160.00837651817935,False
629.9939012051045,160.0000412540282,False
150.00106319604177,179.99281470846663,False
169.99099171309595,179.99070650048745,False
190.00913148572977,179.9928245808982,False
209.99439248986437,179.99560984229615,False
230.00135631373797,179.99243729318934,False
249.99148351297126,179.99573330644722,False
269.99788717394694,180.0068783176517,False
290.00346316181117,180.00327810361298,False
309.9906358381321,180.0059151215331,False
329.99960251563846,180.00611234339922,False
349.99584277780673,179.99468927417087,False
370.00922021540606,180.0013502239912,False
390.00447423484684,179.99349963982857,False
409.99707093853493,179.9973142061927,False
429.9917883053158,180.0051932421271,False
449.9940295983915,180.00533720420128,False
470.00127783104404,180.0030954360285,False
490.00342823063426,179.99435079742193,False
510.0038271490577,180.00198069306222,False
530.0022696900404,179.99244365884493,False
549.9992479277079,179.993163639285,False
569.9918386624145,180.0020293211311,False
590.0004753187137,180.00415271596802,False
610.0043378979426,179.9918542982523,False
629.9913692267219,180.00577081936333,False
150.00346640739625,200.00165592931248,False
169.99192124317963,199.9936537297274,False
189.99489947664665,200.00546976467203,False
210.00126768600816,200.00641243043466,False
230.00286139190283,199.99973177742848,False
249.99972304579316,199.9955950463826,False
270.00812515226056,200.00687182266154,False
290.00186230107687,199.99898706440825,False
309.9919627352208,199.99735571839187,False
330.00154566361437,199.99667273097435,False
350.00291372327683,199.99789730878334,False
370.0030151767217,200.0003784595453,False
390.00805810792923,199.99756826942235,False
409.9981154690945,199.99359211119392,False
429.9994467064827,199.99974425528652,False
450.00856930659995,199.9979503858328,False
470.0036636237103,200.0007411203834,False
490.00315443049845,200.0066488930754,False
509.9977083831009,200.00602122262848,False
529.9927922735745,199.991499159274,False
549.9984808226568,200.00901167506737,False
569.9967027422161,199.99581402406005,False
589.9991227356434,200.00571651168897,False
609.9916206557637,199.99984324127348,False
630.0091397033991,200.0090913480963,False
149.9968815294873,220.00057840427112,False
169.99125520976852,219.99053899427778,False
189.99635789647635,220.0025637684756,False
210.0059019002501,219.99866600081694,False
229.99991499482346,220.0044913521346,False
250.0081597816604,220.00808416050558,False
269.99001495048617,219.99159191789343,False
290.0057975776269,219.99149455150925,False
309.99605767782083,219.99088877873416,False
329.9991374345136,219.99965927406694,False
349.99779960381085,219.99939419311002,False
369.99564111069304,220.00638040873199,False
390.00107580313704,219.990734872767,False
410.0043588243353,219.99369451413875,False
430.00803342223213,219.99719316403124,False
449.9939864173821,220.00963571775418,False
470.00721256370883,220.00241822596362,False
489.9999410616494,220.0040759378603,False
509.99382703068153,220.00255867465583,False
529.9932018511711,219.9910222426874,False
550.0041845631501,219.99128706859523,False
569.9958067716751,220.00935554830437,False
589.9962832086935,220.0071729818742,False
609.9999657654779,219.99920311469108,False
630.0074099308076,219.99108287230828,False
149.99127140892537,239.99095666516507,False
170.00270312419494,239.9907914903777,False
190.0023081274929,240.00990166849223,False
210.00874503008623,240.002345678001,False
229.99786476620898,239.9969570230361,False
250.00754302205254,240.00579521089492,False
269.9973897126681,239.99667805397326,False
290.00515509294286,240.0055313470471,False
310.0095018320056,239.99380172277213,False
329.9947611106988,240.0015397244649,False
349.9999834518429,240.00875619219923,False
369.99596828119627,239.99404665274636,False
390.0099045404232,239.9914693224311,False
410.00139212505394,240.00670651430465,False
430.0075721422299,239.99351595771515,False
450.0034248269661,239.99967517744346,False
469.993785217127,239.9973844382444,False
490.00390396684105,240.00025091567858,False
510.0007509217396,240.00709363399798,False
529.9992261488507,240.00816042406922,False
550.0089630349976,239.99128907540413,False
569.9917349530688,239.99784035995015,False
589.9980301638709,239.99703054600658,False
609.9978609928806,240.00619110312505,False
630.0071038837463,240.00560188521507,False
150.00554702488904,260.0060194967822,False
169.99323182256782,259.9940802172697,False
190.00499612222748,260.0011441149529,False
210.00568579284192,260.000875620525,False
230.0060163827501,260.00080865393454,False
250.00635591461304,260.008587830477,False
270.0004488559784,259.9989039575889,False
289.99132033829505,260.00924974760505,False
309.99035781130675,259.9967129711188,False
329.9952188614761,259.9976300370949,False
349.99287606629963,260.0050727262395,False
370.00866664821,259.9921500657941,False
390.00029415408073,260.0096958431448,False
410.00071448798076,260.0049794782555,False
429.99637634802934,259.9943543479685,False
449.99813096046415,259.9904675053174,False
470.0065452712519,259.9999314643208,False
489.9951095978288,260.00827470440936,False
509.9998846662581,260.0000300134642,False
529.9984484030695,260.0000854916464,False
549.996035781867,259.9946518679039,False
569.9921951418728,259.9920451700479,False
590.0070041925285,260.00826012084065,False
610.002299197365,259.9954347790475,False
630.0007085929727,259.99674420799516,False
150.0052411444694,279.9947171188404,False
169.99556063217332,280.008248829338,False
190.00689133288012,279.99324357126216,False
209.9952159758867,279.9949249677045,False
229.99284782458335,280.0003404277515,False
249.9988889100315,279.9913192236256,False
269.99795161550594,280.00781709742665,False
289.9961579341414,279.99890300495656,False
310.00512276111124,280.00979862258725,False
329.9985267919024,279.99313629651743,False
350.0080536615098,279.9976301101938,False
370.00561017969295,280.00440797929207,False
390.00505759495263,280.0073687045694,False
410.002381055359,280.000956072753,False
429.99298220605,280.00080213784275,False
450.0070899167162,279.9906206297051,False
470.0015677996772,280.00859624055346,False
489.9990355248062,279.99840918997677,False
510.0027025016493,280.0059275225921,False
529.9924122852507,279.99123890350256,False
550.0036687314758,279.9953958481221,False
570.0061672745555,280.0066859255337,False
590.0064974129814,280.00619555243685,False
609.9968816111286,279.9962232862744,False
630.004145694011,280.0074801167368,False
150.00576159593868,299.99360837844984,False
170.0044297281347,299.99458857274146,False
190.0062806843035,299.9931618475098,False
209.99795291797716,299.99944646268284,False
229.99543256493735,299.9915223637965,False
250.00369959007875,300.0089791669749,False
269.9931301558893,299.99937779757335,False
289.9991179550728,300.0004842347309,False
310.00007388412575,299.9995956075905,False
329.9962141509052,300.0060808696661,False
349.9963517220994,300.0018411746501,False
369.9924393689533,299.9974588610624,False
389.9923837858474,300.00675907924807,False
410.0058985452248,300.002936097177,False
429.99998584613195,299.9935824032872,False
450.00977706648257,300.00026446816423,False
469.9951730096383,300.00414421679733,False
489.9911756927172,300.0013887009285,False
509.99646035728114,300.0013437358128,False
530.0038454113021,300.0013503481637,False
550.0019302893013,299.9965513916509,False
570.0049035509891,300.00810109402545,False
589.9931731107301,300.0092791546537,False
610.0018778662045,300.00628807273006,False
630.0030032875169,300.00731711186614,False
149.99440621025167,319.9906729007959,False
169.9987117381936,320.00518465837564,False
189.99540280007852,319.99788332009734,False
209.9971749515524,319.99834805455157,False
230.00591901314652,319.99685953057906,False
250.0070520808772,319.99357007264734,False
269.9993599566362,319.99688588198,False
290.00122825143507,320.0024061186325,False
310.0087036113397,320.00969083637216,False
329.99073878502634,319.9970353943134,False
350.00468295742417,320.0051020314636,False
369.99452152399886,319.99934282089083,False
390.00014518843017,319.9989703882873,False
410.00788220492444,320.0087971433432,False
429.9956717448165,320.0066940325417,False
449.99385642381856,320.00108455010223,False
470.0074612978022,319.99851088975385,False
489.99947901335105,319.999660355924,False
510.008741060722,319.99085013567304,False
530.007210771171,319.9936759234834,False
549.9967845976412,320.00889308527053,False
569.9922335933101,319.99429329656647,False
590.0084763291414,320.00029519531785,False
610.0055141120183,319.99388892133584,False
630.0076321433905,320.0000618400468,False
149.99004004310441,340.0056720391467,False
170.00804629565113,340.00514377449525,False
189.9994518810362,339.99336032879415,False
210.00960123394796,340.0073059164092,False
230.0003253817919,339.9924476906452,False
250.00178915749862,339.9930338864525,False
270.00189564008474,340.0033934149946,False
289.9900726049243,339.9930040853386,False
309.9928334090807,339.9997070678189,False
330.00537758538934,340.00950181973565,False
349.99799122508506,339.9932477574668,False
370.0021404317957,340.0091022474529,False
390.0066776528037,340.00854164902296,False
410.00640608587446,340.0034511082454,False
430.003013223695,339.9962000641566,False
449.9940112401781,340.0066602133235,False
469.9981304491158,340.0083948239401,False
489.99642774206563,339.99322695430624,False
509.99449624784023,339.99446622492985,False
530.003589674718,340.00347356499316,False
549.9989057791583,339.992522161289,False
569.998112762719,340.008239971292,False
590.0024998914035,340.0004314057986,False
609.9995927650045,339.99509634388534,False
630.009075527633,340.0001269443439,False
150.0003879386711,360.00453926592115,False
170.0052698819381,360.00973761853857,False
189.9933216673933,359.99548452444657,False
210.00218763131343,359.9965792164956,False
230.0070815296691,360.00628600388865,False
249.99398791900185,359.9919181699187,False
270.00694882764634,360.0011483834588,False
289.992737750907,359.9944810373919,False
310.00763739293495,360.0080462765277,False
329.9925204144289,359.99386255024416,False
350.00461688363464,360.00921183330837,False
369.99278451781913,360.0036682522729,False
390.00475996460386,360.0066016313611,False
410.00478500564856,359.99397881820585,False
429.9935376088156,359.9948357837144,False
449.99385010484224,359.99886789601317,False
470.0067201349429,360.0037507690643,False
490.0054959214648,360.0050019983491,False
510.007729608018,359.9905888628899,False
529.9984473023623,359.9906612146619,False
549.9977424340601,359.99663125077683,False
570.001991981644,359.9905583070087,False
589.9950375467957,359.993244062627,False
609.9909489708541,359.9998687574038,False
630.000026197833,360.0067354343492,False
150.0037196446786,379.9913991605587,False
169.9984377805169,379.99938942870773,False
189.99118285973225,380.00172435927277,False
209.99475656638194,380.0010348456307,False
230.00306361155646,380.0054329777028,False
250.00201347264715,379.99002244154013,False
269.9900932930717,379.99771377971143,False
290.0045285679374,379.9955067607996,False
309.9970104797002,379.9915950849425,False
330.0033225314318,379.9906835164976,False
349.99272294044243,379.99200678658366,False
370.0008114924915,379.99103570488717,False
389.9905383217712,379.99255689175635,False
409.9931519028042,379.99711454108655,False
429.9973709740094,380.00472289680977,False
450.0093364191658,379.9941987048249,False
469.9963014689018,379.9907616148126,False
489.9937179102141,379.994767394522,False
509.99020340693676,380.0017602995927,False
530.0081326843854,379.9910290218141,False
549.9979476952758,380.0027609105153,False
569.9906119691691,380.0060064144515,False
589.9983463712697,380.00279235366247,False
610.0053605515775,379.9940920309677,False
630.0095574954935,380.00390105137774,False
149.99263281222176,399.99679557776557,False
169.99842739300317,399.991596704884,False
189.99840512758075,400.0032587108816,False
210.0025813911075,400.00951865938123,False
230.0006729547459,400.006439894478,False
250.009659862272,399.997120624725,False
270.002558736812,399.9984074622661,False
290.0006553838132,399.9991269915927,False
309.99415464524196,399.9963504974857,False
329.99625951091036,400.0067614751531,False
349.99518378384164,399.9944974324045,False
369.9905956955633,399.9947959421962,False
389.9938636455056,400.008694288171,False
410.0035978155178,399.99415526255547,False
429.99980830357106,400.0053671594092,False
450.00870842265977,399.99229431969076,False
470.0042377553628,400.00700724968567,False
489.9931231371449,399.999048485193,False
509.99638608316644,399.99541386901177,False
529.9961688708613,400.00466959050266,False
549.993328661755,399.9910084773423,False
569.9999208736187,399.9950351070192,False
590.0077237431068,399.99285893246264,False
610.0054977251339,400.004323357249,False
630.0019991189961,399.9988581879848,False
150.00123724025792,419.99785816762846,False
170.0017008748406,419.9986566531024,False
189.99081235027305,420.00820230682257,False
209.99585449341862,419.9959043028779,False
230.00606646865,420.0095470074857,False
250.00691576296623,419.9984209390332,False
269.99835892957367,420.00089069735526,False
290.00873299439206,419.99928005842446,False
310.0031753451452,420.0055997988736,False
330.00413562329993,420.00184619938074,False
349.9949651051351,420.008231898159,False
369.9952017319892,419.9940171080365,False
390.008719759014,420.0008001957882,False
410.00362449659355,420.0086011465028,False
429.99117716212004,419.9927100472455,False
449.9990378171528,420.00226835986797,False
469.9941220475133,419.9934151565109,False
489.9980976100766,419.9922921337451,False
509.99442774299143,419.9926006160565,False
529.9954250952544,420.0094209244685,False
549.994910165306,420.00598605493,False
570.0071356707443,420.00601933468323,False
590.0002510029037,419.99109823021837,False
609.9901951907457,420.0013897536269,False
629.9980607683327,420.0058166343253,False
149.99447721456923,439.99286258930226,False
170.00497351793774,440.008993381209,False
190.00932945513375,439.9927382305829,False
210.00205650383234,439.99347054079124,False
229.9930011155537,440.00384771383614,False
249.9909293836687,439.9911820512273,False
269.9956999824064,439.99652878375815,False
289.9933641654901,440.0072469152702,False
310.0035847173131,440.0036813397538,False
329.99119724073415,439.9999852001082,False
350.00355487178973,439.9902601949849,False
369.9989243615706,439.9924805788237,False
389.999390567698,439.9994275198686,False
409.99271342747636,440.0089604737553,False
429.99675753547206,440.0049373016914,False
450.0074383147832,439.9983050708627,False
470.0030173432364,440.0012220154462,False
489.99715663660464,440.00650380993113,False
510.00913342372917,440.0013038904154,False
530.0009700887153,440.0086625278443,False
550.0014340013909,439.99704532344964,False
569.9928901129263,440.00335807770045,False
589.9976247372848,440.00132200201176,False
609.9922724088985,439.99676877876635,False
630.0045391903344,439.99401658609116,False
149.99045403260897,460.00694525669473,False
169.99082887963726,459.99569966982625,False
189.99144900432174,459.99482669748556,False
210.00768779554775,460.007657877764,False
230.00203164557027,460.00602127262283,False
250.0002509859931,459.99018362342986,False
270.00693509287794,459.99958209273666,False
289.9928243997386,460.0043173804251,False
310.0018888628593,459.99682252320684,False
329.9924223431907,459.9964431667233,False
349.99349512352046,459.9999047460175,False
369.9990589762294,460.0002262298796,False
389.9982442656742,460.0059840217682,False
410.0035719306064,460.00650101133607,False
430.00875990657954,459.9996847878516,False
449.9905156017884,460.00703612238306,False
469.9909583232683,459.9904283978324,False
490.0044589411685,459.9917013434799,False
510.00581220199336,459.99675876341337,False
530.0012871650804,459.99825962486386,False
550.0040369753407,460.00174246279903,False
569.9995848115082,460.0033154463712,False
589.9968406174253,460.006428946834,False
609.9984128129938,459.9957012763022,False
630.0003241887239,459.9986927789417,False
150.00103706524348,480.00182908853753,False
169.99616880960653,479.99530356322856,False
190.00610160212887,480.00878577964164,False
210.00535934620376,479.99535628215654,False
229.9994176409486,480.00185040437793,False
249.99625100797135,479.99833650473926,False
269.99806695626603,480.00392119260147,False
290.0019766348284,480.00827245029996,False
309.9914544684073,480.0060822037558,False
329.9976697504326,480.00366415463907,False
350.0027225504741,480.00241624548846,False
370.0087912293012,480.0057395353535,False
389.99923472833433,479.9998807370658,False
409.99257776005476,479.99879264902967,False
429.9976242640284,479.99202878744705,False
449.9985987852483,479.9952856448903,False
470.0055137574096,480.000837083881,False
489.998451619867,479.99360575288455,False
509.99007426229355,480.0009144852375,False
529.9999369714619,480.0010916742481,False
549.9905124341922,480.00180487653984,False
570.0053631955252,480.00381922784703,False
590.0099378437384,479.99365201893426,False
609.9970995510605,479.9949623436657,False
630.0071815816779,480.0060794891443,False
0,25,19.98928090839318
0,1,19.99195269933925
1,26,20.002145959605798
1,0,19.99195269933925
1,2,20.00535907710072
2,27,20.00526267168825
2,1,20.00535907710072
2,3,20.012685892130698
3,28,19.992526201191545
3,2,20.012685892130698
3,4,19.982993183260593
4,29,20.001488545765735
4,3,19.982993183260593
4,5,20.01374670410629
5,30,19.990114068480505
5,4,20.01374670410629
5,6,19.999750231526114
6,31,20.0021916092374
6,5,19.999750231526114
6,7,19.994576615930402
7,32,20.002164846727325
7,6,19.994576615930402
7,8,20.00183966630465
8,33,20.014993426023665
8,7,20.00183966630465
8,9,20.00311672320112
9,34,20.002055335013644
9,8,20.00311672320112
9,10,20.000557779801284
10,35,20.00019921021975
10,9,20.000557779801284
10,11,20.0037148296915
11,36,20.009050739819703
11,10,20.0037148296915
11,12,19.981071357402772
12,37,19.986395722740728
12,11,19.981071357402772
12,13,20.006918471179205
13,38,20.002576392465325
13,12,20.006918471179205
13,14,20.003244237755723
14,39,20.005442844172105
14,13,20.003244237755723
14,15,19.997073910440513
15,40,19.999564125056793
15,14,19.997073910440513
15,16,20.009848378293366
16,41,19.98561130195855
16,15,20.009848378293366
16,17,19.999655321303
17,42,20.00423192094184
17,16,19.999655321303
17,18,19.99091278437488
18,43,20.000632864520785
18,17,19.99091278437488
18,19,19.998776569345107
19,44,19.993383774520918
19,18,19.998776569345107
19,20,19.997990540316515
20,45,19.98632831195482
20,19,19.997990540316515
20,21,19.99907885428662
21,46,19.997539239561227
21,20,19.99907885428662
21,22,20.006975943219413
22,47,19.99550034199178
22,21,20.006975943219413
22,23,20.001401098975617
23,48,19.992985569464555
23,22,20.001401098975617
23,24,20.007773618810425
24,49,20.010590442404908
24,23,20.007773618810425
25,0,19.98928090839318
25,50,20.001197943719113
25,26,20.000736961916783
26,1,20.002145959605798
26,51,20.007378829295753
26,25,20.000736961916783
26,27,20.010681913716517
27,2,20.00526267168825
27,52,19.990513443709595
27,26,20.010681913716517
27,28,19.983527632788853
28,3,19.992526201191545
28,53,20.008705897194307
28,27,19.983527632788853
28,29,20.014977587256666
29,4,20.001488545765735
29,54,20.009440310529893
29,28,20.014977587256666
29,30,19.985793928364135
30,5,19.990114068480505
30,55,19.994224232889756
30,29,19.985793928364135
30,31,20.010288864843034
31,6,20.0021916092374
31,56,20.003601328838272
31,30,20.010288864843034
31,32,19.993213301354327
32,7,20.002164846727325
32,57,19.995861970825285
32,31,19.993213301354327
32,33,20.00698833387176
33,8,20.014993426023665
33,58,19.993421498621338
33,32,20.00698833387176
33,34,19.998875416357173
34,9,20.002055335013644
34,59,19.98379877397924
34,33,19.998875416357173
34,35,19.99133648894927
35,10,20.00019921021975
35,60,20.011319396073098
35,34,19.99133648894927
35,36,20.013649130418493
36,11,20.009050739819703
36,61,19.99160135205112
36,35,20.013649130418493
36,37,20.001736248187772
37,12,19.986395722740728
37,62,20.01242657569125
37,36,20.001736248187772
37,38,19.99751745869779
38,13,20.002576392465325
38,63,20.010300876060995
38,37,19.99751745869779
38,39,19.992953821300006
39,14,20.005442844172105
39,64,20.005070868149534
39,38,19.992953821300006
39,40,20.006580505838613
40,15,19.999564125056793
40,65,20.005410856427943
40,39,20.006580505838613
40,41,19.990200546426397
41,16,19.98561130195855
41,66,20.008031580270657
41,40,19.990200546426397
41,42,19.9980235855985
42,17,20.00423192094184
42,67,20.000387284087566
42,41,19.9980235855985
42,43,20.00548863640716
43,18,20.000632864520785
43,68,20.00200909977862
43,42,20.00548863640716
43,44,20.001553672449308
44,19,19.993383774520918
44,69,20.00572371377611
44,43,20.001553672449308
44,45,19.999629691195693
45,20,19.98632831195482
45,70,20.007450973227993
45,44,19.999629691195693
45,46,19.99240619646264
46,21,19.997539239561227
46,71,20.009808094413593
46,45,19.99240619646264
46,47,20.011613324237338
47,22,19.99550034199178
47,72,19.998028794272063
47,46,20.011613324237338
47,48,19.99166163452876
48,23,19.992985569464555
48,73,20.005009235577237
48,47,19.99166163452876
48,49,19.995872009735017
49,24,20.010590442404908
49,74,19.987350891028246
49,48,19.995872009735017
50,25,20.001197943719113
50,75,20.000885023991003
50,51,20.00923924238609
51,26,20.007378829295753
51,76,19.993673781269383
51,50,20.00923924238609
51,52,19.99850878546041
52,27,19.990513443709595
52,77,19.998098970101754
52,51,19.99850878546041
52,53,20.007589892143038
53,28,20.008705897194307
53,78,19.996922745539884
53,52,20.007589892143038
53,54,19.989424155175687
54,29,20.009440310529893
54,79,19.991070598405194
54,53,19.989424155175687
54,55,20.003992125725624
55,30,19.994224232889756
55,80,20.010839084829694
55,54,20.003992125725624
55,56,19.990677505193712
56,31,20.003601328838272
56,81,20.000002445537692
56,55,19.990677505193712
56,57,20.017557399890503
57,32,19.995861970825285
57,82,20.012981087897266
57,56,20.017557399890503
57,58,19.99840475805586
58,33,19.993421498621338
58,83,20.009013879156587
58,57,19.99840475805586
58,59,19.99297129787597
59,34,19.98379877397924
59,84,20.013906642429937
59,58,19.99297129787597
59,60,20.00178252790512
60,35,20.011319396073098
60,85,19.989294840586354
60,59,20.00178252790512
60,61,20.006535044599968
61,36,19.99160135205112
61,86,19.995128639570154
61,60,20.006535044599968
61,62,19.982727382817085
62,37,20.01242657569125
62,87,19.993824904992575
62,61,19.982727382817085
62,63,20.000368941671567
63,38,20.010300876060995
63,88,19.995429052846976
63,62,20.000368941671567
63,64,20.010553027786337
64,39,20.005070868149534
64,89,20.00175891082983
64,63,20.010553027786337
64,65,20.007286592275598
65,40,20.005410856427943
65,90,19.998272775294147
65,64,20.007286592275598
65,66,19.987744501143364
66,41,20.008031580270657
66,91,19.99944336786784
66,65,19.987744501143364
66,67,20.003374752521164
67,42,20.000387284087566
67,92,20.007189994637553
67,66,20.003374752521164
67,68,20.003836331266292
68,43,20.00200909977862
68,93,19.99879999340756
68,67,20.003836331266292
68,69,19.999061195097116
69,44,20.00572371377611
69,94,20.002569691878534
69,68,19.999061195097116
69,70,19.989257741266535
70,45,20.007450973227993
70,95,20.002271590990894
70,69,19.989257741266535
70,71,20.001778443629703
71,46,20.009808094413593
71,96,19.99269322273297
71,70,20.001778443629703
71,72,19.99789291704714
72,47,19.998028794272063
72,97,19.997639519541863
72,71,19.99789291704714
72,73,20.001540074895413
73,48,20.005009235577237
73,98,19.997083594569023
73,72,20.001540074895413
73,74,20.007619700664197
74,49,19.987350891028246
74,99,20.015457943867585
74,73,20.007619700664197
75,50,20.000885023991003
75,100,19.98991113248435
75,76,20.010277162084257
76,51,19.993673781269383
76,101,20.005240525653637
76,75,20.010277162084257
76,77,19.989758022825523
77,52,19.998098970101754
77,102,20.00009569590721
77,76,19.989758022825523
77,78,20.009716693790146
78,53,19.996922745539884
78,103,19.988028323964137
78,77,20.009716693790146
78,79,19.99351047338207
79,54,19.991070598405194
79,104,19.998308867476098
79,78,19.99351047338207
79,80,20.00047845678121
80,55,20.010839084829694
80,105,19.99864506292999
80,79,20.00047845678121
80,81,19.994922753601173
81,56,20.000002445537692
81,106,19.997585071894743
81,80,19.994922753601173
81,82,19.995821166425632
82,57,20.012981087897266
82,107,19.99616244672284
82,81,19.995821166425632
82,83,20.004362046279585
83,58,20.009013879156587
83,108,19.988395690916644
83,82,20.004362046279585
83,84,20.011643258071835
84,59,20.013906642429937
84,109,19.991927642060578
84,83,20.011643258071835
84,85,20.002112987563322
85,60,19.989294840586354
85,110,20.00776874543957
85,84,20.002112987563322
85,86,19.987122424749845
86,61,19.995128639570154
86,111,20.004704920666395
86,85,19.987122424749845
86,87,19.997601267786067
87,62,19.993824904992575
87,112,20.001652737282434
87,86,19.997601267786067
87,88,20.00154211344876
88,63,19.995429052846976
88,113,20.00260967198471
88,87,20.00154211344876
88,89,20.001306419515814
89,64,20.00175891082983
89,114,19.998309979602805
89,88,20.001306419515814
89,90,20.00980129862678
90,65,19.998272775294147
90,115,19.99369153289846
90,89,20.00980129862678
90,91,19.995357163478047
91,66,19.99944336786784
91,116,19.994569751294236
91,90,19.995357163478047
91,92,19.992316907760685
92,67,20.007189994637553
92,117,19.992918481359357
92,91,19.992316907760685
92,93,20.004308255970578
93,68,19.99879999340756
93,118,19.99397731912629
93,92,20.004308255970578
93,94,20.0102009455136
94,69,20.002569691878534
94,119,19.9994497217645
94,93,20.0102009455136
94,95,19.984702698052594
95,70,20.002271590990894
95,120,20.002486092281373
95,94,19.984702698052594
95,96,20.007933005765867
96,71,19.99269322273297
96,121,20.00186484845737
96,95,20.007933005765867
96,97,19.99451398829425
97,72,19.997639519541863
97,122,20.014018142136823
97,96,19.99451398829425
97,98,20.00073756910994
98,73,19.997083594569023
98,123,20.007912233270133
98,97,20.00073756910994
98,99,20.00170740100543
99,74,20.015457943867585
99,124,19.983739909050737
99,98,20.00170740100543
100,75,19.98991113248435
100,125,20.010824026812262
100,101,19.983627753926722
101,76,20.005240525653637
101,126,19.991030354941312
101,100,19.983627753926722
101,102,19.99800582640425
102,77,20.00009569590721
102,127,20.014706592249365
102,101,19.99800582640425
102,103,20.016486629008234
103,78,19.988028323964137
103,128,20.01008841169642
103,102,20.016486629008234
103,104,19.990821673068176
104,79,19.998308867476098
104,129,19.999261928007716
104,103,19.990821673068176
104,105,20.009568357308876
105,80,19.99864506292999
105,130,19.99719226460085
105,104,20.009568357308876
105,106,19.99967674553564
106,81,19.997585071894743
106,131,19.993614746026903
106,105,19.99967674553564
106,107,19.998414202339482
107,82,19.99616244672284
107,132,20.001844878451795
107,106,19.998414202339482
107,108,20.00069085427437
108,83,19.988395690916644
108,133,20.004449750735915
108,107,20.00069085427437
108,109,20.001791571004166
109,84,19.991927642060578
109,134,20.00304473052782
109,108,20.001791571004166
109,110,19.99467041250964
110,85,20.00776874543957
110,135,19.993918687354423
110,109,19.99467041250964
110,111,20.007667388254912
111,86,20.004704920666395
111,136,20.007706946888337
111,110,20.007667388254912
111,112,19.987026422838174
112,87,20.001652737282434
112,137,19.998913896644606
112,111,19.987026422838174
112,113,19.993834759454884
113,88,20.00260967198471
113,138,19.98801587621418
113,112,19.993834759454884
113,114,20.00120193153759
114,89,19.998309979602805
114,139,20.004980943123446
114,113,20.00120193153759
114,115,20.01172846207528
115,90,19.99369153289846
115,140,20.000551716783388
115,114,20.01172846207528
115,116,19.98841802731095
116,91,19.994569751294236
116,141,20.006229205492215
116,115,19.98841802731095
116,117,20.008550056855185
117,92,19.992918481359357
117,142,19.99346367577541
117,116,20.008550056855185
117,118,20.006047107604243
118,93,19.99397731912629
118,143,19.99277404603165
118,117,20.006047107604243
118,119,20.00107079198211
119,94,19.9994497217645
119,144,19.987787334098165
119,118,20.00107079198211
119,120,19.983069090328353
120,95,20.002486092281373
120,145,19.98543895454217
120,119,19.983069090328353
120,121,20.003774894298108
121,96,20.00186484845737
121,146,19.992730189522252
121,120,20.003774894298108
121,122,19.99841698534911
122,97,20.014018142136823
122,147,19.995406072152612
122,121,19.99841698534911
122,123,19.998345435319138
123,98,20.007912233270133
123,148,19.989228302389446
123,122,19.998345435319138
123,124,20.01208823544002
124,99,19.983739909050737
124,149,20.002434867442958
124,123,20.01208823544002
125,100,20.010824026812262
125,150,20.008709690808644
125,126,20.010085785220543
126,101,19.991030354941312
126,151,20.00821947163675
126,125,20.010085785220543
126,127,19.9887210895813
127,102,20.014706592249365
127,152,19.993765830948362
127,126,19.9887210895813
127,128,20.004332151443833
128,103,20.01008841169642
128,153,20.00491572003434
128,127,20.004332151443833
128,129,19.999666535312954
129,104,19.999261928007716
129,154,19.999815814672807
129,128,19.999666535312954
129,130,20.006108832576324
130,105,19.99719226460085
130,155,20.000395480320933
130,129,20.006108832576324
130,131,19.992850813910458
131,106,19.993614746026903
131,156,20.003584703945823
131,130,19.992850813910458
131,132,20.009126407021576
132,107,20.001844878451795
132,157,19.99945515237989
132,131,20.009126407021576
132,133,19.98925245280077
133,108,20.004449750735915
133,158,19.997797924159293
133,132,19.98925245280077
133,134,20.01121000274808
134,109,20.00304473052782
134,159,19.998961242427242
134,133,20.01121000274808
134,135,19.998624934183425
135,110,19.993918687354423
135,160,20.011596283949437
135,134,19.998624934183425
135,136,19.99816769769044
136,111,20.007706946888337
136,161,19.987971156985466
136,135,19.99816769769044
136,137,20.009555178479875
137,112,19.998913896644606
137,162,20.00869441698884
137,136,20.009555178479875
137,138,19.98416317605661
138,113,19.98801587621418
138,163,20.013923626332673
138,137,19.98416317605661
138,139,20.014880117794522
139,114,20.004980943123446
139,164,19.9939534998353
139,138,20.014880117794522
139,140,19.991066353571995
140,115,20.000551716783388
140,165,20.004956436641372
140,139,19.991066353571995
140,141,20.009983096157466
141,116,20.006229205492215
141,166,19.998108074491515
141,140,20.009983096157466
141,142,19.988017367608315
142,117,19.99346367577541
142,167,20.010649138279994
142,141,19.988017367608315
142,143,19.997903561975512
143,118,19.99277404603165
143,168,20.004313196884162
143,142,19.997903561975512
143,144,20.00563139593443
144,119,19.987787334098165
144,169,20.00825926080166
144,143,20.00563139593443
144,145,19.99998235728686
145,120,19.98543895454217
145,170,20.000402114448214
145,144,19.99998235728686
145,146,20.005881383805715
146,121,19.992730189522252
146,171,20.0142139035907
146,145,20.005881383805715
146,147,19.995839881657314
147,122,19.995406072152612
147,172,19.99168354512489
147,146,19.995839881657314
147,148,19.99881804332408
148,123,19.989228302389446
148,173,20.008095285064588
148,147,19.99881804332408
148,149,20.00352619510603
149,124,20.002434867442958
149,174,20.001588641436808
149,148,20.00352619510603
150,125,20.008709690808644
150,175,19.997027929255225
150,151,20.00071702504364
151,126,20.00821947163675
151,176,19.997886065140307
151,150,20.00071702504364
151,152,19.983548307547956
152,127,19.993765830948362
152,177,19.988001700810056
152,151,19.983548307547956
152,153,19.999258508279905
153,128,20.00491572003434
153,178,19.989640949154296
153,152,19.999258508279905
153,154,20.007711924617382
154,129,19.999815814672807
154,179,20.00411860901863
154,153,20.007711924617382
154,155,20.00594378506248
155,130,20.000395480320933
155,180,20.005938301279134
155,154,20.00594378506248
155,156,19.99687566712862
156,131,20.003584703945823
156,181,19.998243282094567
156,155,19.99687566712862
156,157,19.997420193359677
157,132,19.99945515237989
157,182,19.987997998678903
157,156,19.997420193359677
157,158,20.005624605787467
158,133,19.997797924159293
158,183,20.003365754461118
158,157,20.005624605787467
158,159,19.994058990628666
159,134,19.998961242427242
159,184,19.992789746679794
159,158,19.994058990628666
159,160,19.99828937264733
160,135,20.011596283949437
160,185,19.998701654238662
160,159,19.99828937264733
160,161,20.00223358781683
161,136,19.987971156985466
161,186,20.005460066645643
161,160,20.00223358781683
161,162,20.003316476621325
162,137,20.00869441698884
162,187,19.986112399835033
162,161,20.003316476621325
162,163,20.003680275779075
163,138,20.013923626332673
163,188,19.98430714512122
163,162,20.003680275779075
163,164,19.999248795407176
164,139,19.9939534998353
164,189,19.993062980855946
164,163,19.999248795407176
164,165,19.994984169412653
165,140,20.004956436641372
165,190,19.993913434339767
165,164,19.994984169412653
165,166,19.994880325402306
166,141,19.998108074491515
166,191,19.995679174769347
166,165,19.994880325402306
166,167,19.997031576513965
167,142,20.010649138279994
167,192,19.988636923606624
167,166,19.997031576513965
167,168,20.003678182955063
168,143,20.004313196884162
168,193,19.99272635374116
168,167,20.003678182955063
168,169,20.00766084533301
169,144,20.00825926080166
169,194,20.005132184170378
169,168,20.00766084533301
169,170,20.004774496693578
170,145,20.000402114448214
170,195,20.001698666611507
170,169,20.004774496693578
170,171,19.995455358795315
171,146,20.0142139035907
171,196,19.989875246264535
171,170,19.995455358795315
171,172,20.003898346979444
172,147,19.99168354512489
172,197,20.011508851219812
172,171,20.003898346979444
172,173,20.000756156832484
173,148,20.008095285064588
173,198,19.995327492629816
173,172,20.000756156832484
173,174,19.987225611993324
174,149,20.001588641436808
174,199,20.00242935171763
174,173,19.987225611993324
175,150,19.997027929255225
175,200,19.997074305820078
175,176,20.017159210522113
176,151,19.997886065140307
176,201,19.99316135893568
176,175,20.017159210522113
176,177,19.99936982036078
177,152,19.988001700810056
177,202,20.004402743834454
177,176,19.99936982036078
177,178,19.990311722674416
178,153,19.989640949154296
178,203,20.005955676035082
178,177,19.990311722674416
178,179,19.993004457940653
179,154,20.00411860901863
179,204,20.00087921698021
179,178,19.993004457940653
179,180,20.012235978246224
180,155,20.005938301279134
180,205,19.992245614043096
180,179,20.012235978246224
180,181,20.000954306956476
181,156,19.998243282094567
181,206,20.00429077967006
181,180,20.000954306956476
181,182,19.989063361253297
182,157,19.987997998678903
182,207,20.004705674822528
182,181,19.989063361253297
182,183,19.997287935146968
183,158,20.003365754461118
183,208,20.001701797758763
183,182,19.997287935146968
183,184,20.0161728035679
184,159,19.992789746679794
184,209,20.012184047675213
184,183,20.0161728035679
184,185,19.99060098274785
185,160,19.998701654238662
185,210,20.00629493635891
185,184,19.99060098274785
185,186,20.004262206063842
186,161,20.005460066645643
186,211,19.993744084223295
186,185,20.004262206063842
186,187,20.001741962151705
187,162,19.986112399835033
187,212,20.005575089873158
187,186,20.001741962151705
187,188,19.988165005497933
188,163,19.98430714512122
188,213,19.999184514778293
188,187,19.988165005497933
188,189,20.01027210386132
189,164,19.993062980855946
189,214,20.006067270661266
189,188,20.01027210386132
189,190,20.005729261364387
190,165,19.993913434339767
190,215,19.999408964182912
190,189,20.005729261364387
190,191,19.988851351096496
191,166,19.995679174769347
191,216,20.0002456151511
191,190,19.988851351096496
191,192,20.003859032195027
192,167,19.988636923606624
192,217,20.016583733476565
192,191,20.003859032195027
192,193,19.99395797607566
193,168,19.99272635374116
193,218,20.015223746417448
193,192,19.99395797607566
193,194,20.00740715790315
194,169,20.005132184170378
194,219,19.991818498015725
194,193,20.00740715790315
194,195,19.98813038842965
195,170,20.001698666611507
195,220,20.014038411063293
195,194,19.98813038842965
195,196,20.007830186037104
196,171,19.989875246264535
196,221,20.008422323347503
196,195,20.007830186037104
196,197,20.00424720283316
197,172,20.011508851219812
197,222,20.00017374547552
197,196,20.00424720283316
197,198,19.997937683594227
198,173,19.995327492629816
198,223,20.008949530477775
198,197,19.997937683594227
198,199,20.00739094307643
199,174,20.00242935171763
199,224,20.00272913454607
199,198,20.00739094307643
200,175,19.997074305820078
200,225,19.98908112660218
200,201,20.000502775149815
201,176,19.99316135893568
201,226,19.99764880811002
201,200,20.000502775149815
201,202,20.001092521603944
202,177,20.004402743834454
202,227,19.997728698316134
202,201,20.001092521603944
202,203,19.998798617514336
203,178,20.005955676035082
203,228,19.990360557407584
203,202,19.998798617514336
203,204,19.99472520166145
204,179,20.00087921698021
204,229,19.99188743346358
204,203,19.99472520166145
204,205,20.0053010165948
205,180,19.992245614043096
205,230,19.99824742449562
205,204,20.0053010165948
205,206,20.009616616061432
206,181,20.00429077967006
206,231,20.004553887692804
206,205,20.009616616061432
206,207,19.991392098521622
207,182,20.004705674822528
207,232,20.005328016127226
207,206,19.991392098521622
207,208,19.995906337872743
208,183,20.001701797758763
208,233,20.000230969521123
208,207,19.995906337872743
208,209,19.99604435087652
209,184,20.012184047675213
209,234,20.00070727547126
209,208,19.99604435087652
209,210,20.01161424723563
210,185,20.00629493635891
210,235,19.985387565841698
210,209,20.01161424723563
210,211,19.991825628693967
211,186,19.993744084223295
211,236,20.00759491687323
211,210,19.991825628693967
211,212,19.99618220096957
212,187,20.005575089873158
212,237,19.995489052698723
212,211,19.99618220096957
212,213,20.013468525747278
213,188,19.999184514778293
213,238,20.00716734989577
213,212,20.013468525747278
213,214,19.994066078024268
214,189,20.006067270661266
214,239,20.00497517747189
214,213,19.994066078024268
214,215,19.99737724321886
215,190,19.999408964182912
215,240,20.005624475596925
215,214,19.99737724321886
215,216,19.996631806629313
216,191,20.0002456151511
216,241,20.00908914895943
216,215,19.996631806629313
216,217,20.008116695265603
217,192,20.016583733476565
217,242,19.985131279112476
217,216,20.008116695265603
217,218,20.00089594552999
218,193,20.015223746417448
218,243,19.99591675293078
218,217,20.00089594552999
218,219,20.00332627231338
219,194,19.991818498015725
219,244,19.991256229732503
219,218,20.00332627231338
219,220,19.994257184744853
220,195,20.014038411063293
220,245,19.984471366875347
220,219,19.994257184744853
220,221,19.991211838097016
221,196,20.008422323347503
221,246,19.99417822523575
221,220,19.991211838097016
221,222,19.999779231549475
222,197,20.00017374547552
222,247,19.99907692813891
222,221,19.999779231549475
222,223,20.017035786275102
223,198,20.008949530477775
223,248,19.983478099882895
223,222,20.017035786275102
223,224,19.985989876741282
224,199,20.00272913454607
224,249,20.005729725562105
224,223,19.985989876741282
225,200,19.98908112660218
225,250,20.008841365167672
225,226,19.989928628223687
226,201,19.99764880811002
226,251,20.002947250837437
226,225,19.989928628223687
226,227,20.0181398846888
227,202,19.997728698316134
227,252,20.01265024432567
227,226,20.0181398846888
227,228,19.985261198219654
228,203,19.990360557407584
228,253,20.010803769208604
228,227,19.985261198219654
228,229,20.006964075412714
229,204,19.99188743346358
229,254,20.007294540849998
229,228,20.006964075412714
229,230,19.99012747096
230,205,19.99824742449562
230,255,19.99986343719456
230,229,19.99012747096
230,231,20.006406765263367
231,206,20.004553887692804
231,256,19.999996125415503
231,230,20.006406765263367
231,232,20.005576311812444
232,207,20.005328016127226
232,257,19.995709024877897
232,231,20.005576311812444
232,233,19.987172850279098
233,208,20.000230969521123
233,258,19.991440640894023
233,232,19.987172850279098
233,234,20.008966678478327
234,209,20.00070727547126
234,259,19.990560482015304
234,233,20.008966678478327
234,235,19.99624352494413
235,210,19.985387565841698
235,260,20.003209284368715
235,234,19.99624352494413
235,236,20.013378546064192
236,211,20.00759491687323
236,261,19.999029198163452
236,235,20.013378546064192
236,237,19.995255560598228
237,212,19.995489052698723
237,262,20.00406895063212
237,236,19.995255560598228
237,238,19.99259706759571
238,213,20.00716734989577
238,263,19.9962779322824
238,237,19.99259706759571
238,239,19.994718919171046
239,214,20.00497517747189
239,264,19.994552479836674
239,238,19.994718919171046
239,240,20.002241293593723
240,215,20.005624475596925
240,265,19.992618468661416
240,239,20.002241293593723
240,241,20.007248358245153
241,216,20.00908914895943
241,266,19.99764582667181
241,240,20.007248358245153
241,242,20.00215231110221
242,217,19.985131279112476
242,267,20.01229809752649
242,241,20.00215231110221
242,243,20.000400373777065
243,218,19.99591675293078
243,268,20.0040414653596
243,242,20.000400373777065
243,244,19.998444815035192
244,219,19.991256229732503
244,269,19.999057746070577
244,243,19.998444815035192
244,245,19.996978250628718
245,220,19.984471366875347
245,270,20.015848050481978
245,244,19.996978250628718
245,246,19.992592700442597
246,221,19.99417822523575
246,271,19.99378529459463
246,245,19.992592700442597
246,247,20.00863676897073
247,222,19.99907692813891
247,272,20.001563841454402
247,246,20.00863676897073
247,248,20.003866359775362
248,223,19.983478099882895
248,273,20.007992984612596
248,247,20.003866359775362
248,249,19.98703617365926
249,224,20.005729725562105
249,274,20.003328422166913
249,248,19.98703617365926
250,225,20.008841365167672
250,275,19.998923559032452
250,251,19.98845643758793
251,226,20.002947250837437
251,276,19.99688527564211
251,250,19.98845643758793
251,252,20.002981723414067
252,227,20.01265024432567
252,277,19.997094056986004
252,251,20.002981723414067
252,253,20.00636823156991
253,228,20.010803769208604
253,278,19.992254107488844
253,252,20.00636823156991
253,254,20.001594821583843
254,229,20.007294540849998
254,279,20.004759791685885
254,253,20.001594821583843
254,255,19.996862081771066
255,230,19.99986343719456
255,280,20.012490892475206
255,254,19.996862081771066
255,256,20.008405284274215
256,231,19.999996125415503
256,281,19.984728300984575
256,255,20.008405284274215
256,257,19.993738703538416
257,232,19.995709024877897
257,282,19.992507874406122
257,256,19.993738703538416
257,258,19.99010050070912
258,233,19.991440640894023
258,283,19.99353347969175
258,257,19.99010050070912
258,259,20.009582940049782
259,234,19.990560482015304
259,284,20.002986688060126
259,258,20.009582940049782
259,260,20.001368097149676
260,235,20.003209284368715
260,285,20.001497538133187
260,259,20.001368097149676
260,261,20.000101607346817
261,236,19.999029198163452
261,286,20.006003308200057
261,260,20.000101607346817
261,262,20.00504312858697
262,237,20.00406895063212
262,287,19.993167822575703
262,261,20.00504312858697
262,263,19.990057756607712
263,238,19.9962779322824
263,288,20.000103377426935
263,262,19.990057756607712
263,264,20.001332183547095
264,239,19.994552479836674
264,289,19.997450752271977
264,263,20.001332183547095
264,265,20.009122680529792
265,240,19.992618468661416
265,290,20.011690645332664
265,264,20.009122680529792
265,266,19.995094511863083
266,241,19.99764582667181
266,291,20.0016774204282
266,265,19.995094511863083
266,267,19.999491679354826
267,242,20.01229809752649
267,292,19.997427302961597
267,266,19.999491679354826
267,268,19.99455396245441
268,243,20.0040414653596
268,293,19.99653782871498
268,267,19.99455396245441
268,269,19.995089164027284
269,244,19.999057746070577
269,294,19.999523087607326
269,268,19.995089164027284
269,270,20.00569621410589
270,245,20.015848050481978
270,295,19.982276207565654
270,269,20.00569621410589
270,271,19.998226274395833
271,246,19.99378529459463
271,296,20.01354154429982
271,270,19.998226274395833
271,272,20.002422444612012
272,247,20.001563841454402
272,297,20.00145667174337
272,271,20.002422444612012
272,273,19.99249878282651
273,248,20.007992984612596
273,298,19.999361614494656
273,272,19.99249878282651
273,274,20.017521183951033
274,249,20.003328422166913
274,299,19.981991599082235
274,273,20.017521183951033
275,250,19.998923559032452
275,300,19.99037904810897
275,276,19.99437620073394
276,251,19.99688527564211
276,301,20.00025577242689
276,275,19.99437620073394
276,277,20.00510630066532
277,252,19.997094056986004
277,302,20.007338784823215
277,276,20.00510630066532
277,278,20.00954438340741
278,253,19.992254107488844
278,303,20.003679879231573
278,277,20.00954438340741
278,279,19.99401394319531
279,254,20.004759791685885
279,304,19.992465776027018
279,278,19.99401394319531
279,280,20.00824510941076
280,255,20.012490892475206
280,305,19.99771105990024
280,279,20.00824510941076
280,281,19.981861974850986
281,256,19.984728300984575
281,306,20.00508749541202
281,280,19.981861974850986
281,282,20.01578262737753
282,257,19.992507874406122
282,307,20.01403680585029
282,281,20.01578262737753
282,283,19.990260109372436
283,258,19.99353347969175
283,308,20.002917462011478
283,282,19.990260109372436
283,284,20.003081679436324
284,259,20.002986688060126
284,309,20.001880929158183
284,283,20.003081679436324
284,285,19.998662171054047
285,260,20.001497538133187
285,310,20.009362118263226
285,284,19.998662171054047
285,286,19.99784272719408
286,261,20.006003308200057
286,311,19.987666246692044
286,285,19.99784272719408
286,287,20.005440810350507
287,262,19.993167822575703
287,312,20.000736398257494
287,286,20.005440810350507
287,288,20.00328324014927
288,263,20.000103377426935
288,313,20.013012220055455
288,287,20.00328324014927
288,289,20.003674903854368
289,264,19.997450752271977
289,314,19.99632279900436
289,288,20.003674903854368
289,290,19.985956868298455
290,265,20.011690645332664
290,315,19.99004168788825
290,289,19.985956868298455
290,291,20.013227447770756
291,266,20.0016774204282
291,316,19.99497072075592
291,290,20.013227447770756
291,292,19.992728566665768
292,267,19.997427302961597
292,317,19.99617537050881
292,291,19.992728566665768
292,293,19.993886026601924
293,268,19.99653782871498
293,318,20.004536157577103
293,292,19.993886026601924
293,294,19.999378147824846
294,269,19.999523087607326
294,319,20.017139087909054
294,293,19.999378147824846
294,295,20.010982713731426
295,270,19.982276207565654
295,320,20.000002577653664
295,294,20.010982713731426
295,296,19.991630373692587
296,271,20.01354154429982
296,321,19.988485226377225
296,295,19.991630373692587
296,297,20.00047655610546
297,272,20.00145667174337
297,322,19.989857640467413
297,296,20.00047655610546
297,298,20.00368414446156
298,273,19.999361614494656
298,323,20.00698809914697
298,297,20.00368414446156
298,299,20.00744581317473
299,274,19.981991599082235
299,324,20.01451901524671
299,298,20.00744581317473
300,275,19.99037904810897
300,325,20.015067922612506
300,301,20.011431715951247
301,276,20.00025577242689
301,326,20.003290969162034
301,300,20.011431715951247
301,302,19.999614133448897
302,277,20.007338784823215
302,327,19.99124262717271
302,301,19.999614133448897
302,303,20.00643832945885
303,278,20.003679879231573
303,328,19.9985301765145
303,302,20.00643832945885
303,304,19.989120462457926
304,279,19.992465776027018
304,329,20.00385329179983
304,303,19.989120462457926
304,305,20.009680207738043
305,280,19.99771105990024
305,330,20.00279265480775
305,304,20.009680207738043
305,306,19.98984876973471
306,281,20.00508749541202
306,331,20.002226137548533
306,305,19.98984876973471
306,307,20.007767339034082
307,282,20.01403680585029
307,332,20.00372318467881
307,306,20.007767339034082
307,308,20.00435017791718
308,283,20.002917462011478
308,333,20.002920409349308
308,307,20.00435017791718
308,309,19.985260776714
309,284,20.001880929158183
309,334,19.99609031786942
309,308,19.985260776714
309,310,20.005223642739388
310,285,20.009362118263226
310,335,19.996317797146112
310,309,20.005223642739388
310,311,19.99599023970256
311,286,19.987666246692044
311,336,19.99810744464274
311,310,19.99599023970256
311,312,20.01393642517706
312,287,20.000736398257494
312,337,20.018228827599394
312,311,20.01393642517706
312,313,19.991493391401807
313,288,20.013012220055455
313,338,19.998272975431647
313,312,19.991493391401807
313,314,20.00618436560139
314,289,19.99632279900436
314,339,20.000841523766958
314,313,20.00618436560139
314,315,19.99585363333261
315,290,19.99004168788825
315,340,19.990793028822175
315,314,19.99585363333261
315,316,19.99036052141131
316,291,19.99497072075592
316,341,20.002551096032203
316,315,19.99036052141131
316,317,20.01011895502747
317,292,19.99617537050881
317,342,20.00802572147845
317,316,20.01011895502747
317,318,19.996848125652946
318,293,20.004536157577103
318,343,19.992936398232807
318,317,19.996848125652946
318,319,19.99847525556424
319,294,20.017139087909054
319,344,19.99192508270552
319,318,19.99847525556424
319,320,20.00974399874308
320,295,20.000002577653664
320,345,20.003366969643814
320,319,20.00974399874308
320,321,19.982772991979463
321,296,19.988485226377225
321,346,19.994204815393633
321,320,19.982772991979463
321,322,20.00629522719194
322,297,19.989857640467413
322,347,20.01123158703391
322,321,20.00629522719194
322,323,19.999832926922544
323,298,20.00698809914697
323,348,19.98924416862892
323,322,19.999832926922544
323,324,20.00924289954104
324,299,20.01451901524671
324,349,19.991143345726716
324,323,20.00924289954104
325,300,20.015067922612506
325,350,19.98869762439862
325,326,19.98768836353406
326,301,20.003290969162034
326,351,20.014168747556187
326,325,19.98768836353406
326,327,20.011765546392535
327,302,19.99124262717271
327,352,19.992099546140306
327,326,20.011765546392535
327,328,20.000689672416605
328,303,19.9985301765145
328,353,19.994052088421597
328,327,20.000689672416605
328,329,20.000330590020287
329,304,20.00385329179983
329,354,19.999536109191084
329,328,20.000330590020287
329,330,20.0003410447269
330,305,20.00279265480775
330,355,19.982732788257106
330,329,20.0003410447269
330,331,19.99409528649271
331,306,20.002226137548533
331,356,20.008913295673572
331,330,19.99409528649271
331,332,19.99087415942266
332,307,20.00372318467881
332,357,19.989653842712666
332,331,19.99087415942266
332,333,19.999041402469537
333,308,20.002920409349308
333,358,20.013091097997687
333,332,19.999041402469537
333,334,20.004861071189467
334,309,19.99609031786942
334,359,19.99550653304411
334,333,20.004861071189467
334,335,19.997658589826287
335,310,19.996317797146112
335,360,19.99256314508228
335,334,19.997658589826287
335,336,20.015794753495182
336,311,19.99810744464274
336,361,20.01225814690493
336,335,20.015794753495182
336,337,19.99163520545005
337,312,20.018228827599394
337,362,19.997673428749803
337,336,19.99163520545005
337,338,20.000420889990774
338,313,19.998272975431647
338,363,19.995976663947648
338,337,20.000420889990774
338,339,19.995664682995546
339,314,20.000841523766958
339,364,20.006448077786416
339,338,19.995664682995546
339,340,20.00175499009032
340,315,19.990793028822175
340,365,20.0001551309447
340,339,20.00175499009032
340,341,20.00841654900899
341,316,20.002551096032203
341,366,20.008665395344998
341,340,20.00841654900899
341,342,19.988566067813778
342,317,20.00802572147845
342,367,19.990134871080137
342,341,19.988566067813778
342,343,20.00477676739681
343,318,19.992936398232807
343,368,20.00589770757431
343,342,20.00477676739681
343,344,19.99856373688833
344,319,19.99192508270552
344,369,19.991154323127166
344,343,19.99856373688833
344,345,19.99758811699327
345,320,20.003366969643814
345,370,20.000745436711963
345,344,19.99758811699327
345,346,19.996159529910244
346,321,19.994204815393633
346,371,20.014645632427392
346,345,19.996159529910244
346,347,20.01481561890686
347,322,20.01123158703391
347,372,19.997935438017503
347,346,20.01481561890686
347,348,19.99529911803853
348,323,19.98924416862892
348,373,20.000789240953974
348,347,19.99529911803853
348,349,19.998409438476237
349,324,19.991143345726716
349,374,20.010736203924786
349,348,19.998409438476237
350,325,19.98869762439862
350,375,19.99889126638154
350,351,19.9903240675999
351,326,20.014168747556187
351,376,19.986341711269006
351,350,19.9903240675999
351,352,20.011336326463063
352,327,19.992099546140306
352,377,19.999918285569958
352,351,20.011336326463063
352,353,19.988324713725227
353,328,19.994052088421597
353,378,20.004521682207322
353,352,19.988324713725227
353,354,19.997632581963643
354,329,19.999536109191084
354,379,19.991182103140734
354,353,19.997632581963643
354,355,20.00604311938678
355,330,19.982732788257106
355,380,20.017660521404892
355,354,20.00604311938678
355,356,19.99906951028819
356,331,20.008913295673572
356,381,19.99156128155384
356,355,19.99906951028819
356,357,19.998208305339674
357,332,19.989653842712666
357,382,20.00158144880011
357,356,19.998208305339674
357,358,20.008967793501963
358,333,20.013091097997687
358,383,19.989797622607473
358,357,20.008967793501963
358,359,19.993410973907544
359,334,19.99550653304411
359,384,20.012944706769897
359,358,19.993410973907544
359,360,20.00952737422604
360,335,19.99256314508228
360,385,20.004214487119988
360,359,20.00952737422604
360,361,19.997557666811197
361,336,20.01225814690493
361,386,19.993055220033604
361,360,19.997557666811197
361,362,19.999447634413087
362,337,19.997673428749803
362,387,19.999394390436613
362,361,19.999447634413087
362,363,19.997324488590134
363,338,19.995976663947648
363,388,20.001980333711725
363,362,19.997324488590134
363,364,19.99060115128364
364,339,20.006448077786416
364,389,19.992781492161573
364,363,19.99060115128364
364,365,20.01411030041698
365,340,20.0001551309447
365,390,20.009644018891453
365,364,20.01411030041698
365,366,19.994485963255027
366,341,20.008665395344998
366,391,19.99554899880496
366,365,19.994485963255027
366,367,19.997470319857303
367,342,19.990134871080137
367,392,20.002981055145625
367,366,19.997470319857303
367,368,20.00366838971717
368,343,20.00589770757431
368,393,19.995417187553105
368,367,20.00366838971717
368,369,19.989715180265552
369,344,19.991154323127166
369,394,20.01011471091885
369,368,19.989715180265552
369,370,20.011256877986867
370,345,20.000745436711963
370,395,20.00115561907896
370,369,20.011256877986867
370,371,20.002501729327594
371,346,20.014645632427392
371,396,20.001415208413853
371,370,20.002501729327594
371,372,20.0003301444374
372,347,19.997935438017503
372,397,20.00308803995792
372,371,20.0003301444374
372,373,19.990386685495288
373,348,20.000789240953974
373,398,20.010065410205858
373,372,19.990386685495288
373,374,20.007267249637703
374,349,20.010736203924786
374,399,19.99983702775691
374,373,20.007267249637703
375,350,19.99889126638154
375,400,19.997067746438635
375,376,19.99866815621715
376,351,19.986341711269006
376,401,20.01059690258656
376,375,19.99866815621715
376,377,20.001851007052707
377,352,19.999918285569958
377,402,20.004724430098282
377,376,20.001851007052707
377,378,19.991673221494644
378,353,20.004521682207322
378,403,19.998901607000356
378,377,19.991673221494644
378,379,19.99748121694155
379,354,19.991182103140734
379,404,20.005339915188845
379,378,19.99748121694155
379,380,20.008274640491575
380,355,20.017660521404892
380,405,19.984591186868975
380,379,20.008274640491575
380,381,19.98943287168634
381,356,19.99156128155384
381,406,19.997509054787976
381,380,19.98943287168634
381,382,20.005987829779436
382,357,20.00158144880011
382,407,20.001921995224688
382,381,20.005987829779436
382,383,20.000955948793475
383,358,19.989797622607473
383,408,20.01009708964708
383,382,20.000955948793475
383,384,19.99614131844797
384,359,20.012944706769897
384,409,19.990955274477194
384,383,19.99614131844797
384,385,20.000138020566464
385,360,20.004214487119988
385,410,20.003262591767587
385,384,20.000138020566464
385,386,19.99608812706462
386,361,19.993055220033604
386,411,20.001884068202465
386,385,19.99608812706462
386,387,19.999946579251446
387,362,19.999394390436613
387,412,19.992212815610156
387,386,19.999946579251446
387,388,20.013515124510473
388,363,20.001980333711725
388,413,20.005861144510042
388,387,20.013515124510473
388,389,19.9940894888436
389,364,19.992781492161573
389,414,20.01311209423644
389,388,19.9940894888436
389,390,20.00979233605416
390,365,20.009644018891453
390,415,20.00082641834875
390,389,20.00979233605416
390,391,19.985396319741927
391,366,19.99554899880496
391,416,19.994370449070413
391,390,19.985396319741927
391,392,19.996002872938565
392,367,20.002981055145625
392,417,19.998273378772733
392,391,19.996002872938565
392,393,20.005284664614464
393,368,19.995417187553105
393,418,19.989510172231117
393,392,20.005284664614464
393,394,20.007385054022063
394,369,20.01011471091885
394,419,19.992325858569547
394,393,20.007385054022063
394,395,19.99808545380391
395,370,20.00115561907896
395,420,20.01234235516497
395,394,19.99808545380391
395,396,20.002976596082416
396,371,20.001415208413853
396,421,19.98619621850889
396,395,20.002976596082416
396,397,19.9882695944571
397,372,20.00308803995792
397,422,19.99102189800673
397,396,19.9882695944571
397,398,20.008704979041326
398,373,20.010065410205858
398,423,19.987601179367925
398,397,20.008704979041326
398,399,20.001125447783945
399,374,19.99983702775691
399,424,19.99274526403269
399,398,20.001125447783945
400,375,19.997067746438635
400,425,20.014999614579022
400,401,20.00431079158581
401,376,20.01059690258656
401,426,19.99996129447302
401,400,20.00431079158581
401,402,19.996692394843922
402,377,20.004724430098282
402,427,19.995477418665935
402,401,19.996692394843922
402,403,20.00177215687286
403,378,19.998901607000356
403,428,20.008961720441402
403,402,20.00177215687286
403,404,20.008744116962497
404,379,20.005339915188845
404,429,19.995588942456486
404,403,20.008744116962497
404,405,20.001133338228687
405,380,19.984591186868975
405,430,19.99946450628278
405,404,20.001133338228687
405,406,19.992308150729567
406,381,19.997509054787976
406,431,20.006507693704577
406,405,19.992308150729567
406,407,20.001869056552984
407,382,20.001921995224688
407,432,19.99060107938036
407,406,20.001869056552984
407,408,20.007476686086704
408,383,20.01009708964708
408,433,19.990022531173512
408,407,20.007476686086704
408,409,19.98203918129139
409,384,19.990955274477194
409,434,20.012471779446155
409,408,19.98203918129139
409,410,20.013945798030228
410,385,20.003262591767587
410,435,19.98814684614915
410,409,20.013945798030228
410,411,19.989839396208847
411,386,20.001884068202465
411,436,20.009760877048137
411,410,19.989839396208847
411,412,20.00562366789799
412,387,19.992212815610156
412,437,20.00957232705258
412,411,20.00562366789799
412,413,20.007739429688456
413,388,20.005861144510042
413,438,19.99465401938992
413,412,20.007739429688456
413,414,19.987789650536474
414,389,20.01311209423644
414,439,19.98950737975502
414,413,19.987789650536474
414,415,19.99818546573079
415,390,20.00082641834875
415,440,20.005575663820327
415,414,19.99818546573079
415,416,20.01360503946426
416,391,19.994370449070413
416,441,20.0098861097294
416,415,20.01360503946426
416,417,19.992017748593856
417,392,19.998273378772733
417,442,19.99356683121355
417,416,19.992017748593856
417,418,20.009263986972147
418,393,19.989510172231117
418,443,20.003621161206485
418,417,20.009263986972147
418,419,19.998469910091195
419,394,19.992325858569547
419,444,20.009797969157724
419,418,19.998469910091195
419,420,19.989579618539118
420,395,20.01234235516497
420,445,19.9836291885959
420,419,19.989579618539118
420,421,19.995454325726783
421,396,19.98619621850889
421,446,20.013947538239208
421,420,19.995454325726783
421,422,20.016243635670286
422,397,19.99102189800673
422,447,20.000137103419874
422,421,20.016243635670286
422,423,19.99703880903749
423,398,19.987601179367925
423,448,20.001208299055325
423,422,19.99703880903749
423,424,20.00211898389446
424,399,19.99274526403269
424,449,20.00006515638089
424,423,20.00211898389446
425,400,20.014999614579022
425,450,19.998869903899468
425,426,20.018006259517026
426,401,19.99996129447302
426,451,20.004594036710884
426,425,20.018006259517026
426,427,19.9914090581169
427,402,19.995477418665935
427,452,20.0021251350406
427,426,19.9914090581169
427,428,20.010154212430464
428,403,20.008961720441402
428,453,19.989274674861274
428,427,20.010154212430464
428,429,19.990729669575934
429,404,19.995588942456486
429,454,20.013839453592762
429,428,19.990729669575934
429,430,20.001463784296735
430,405,19.99946450628278
430,455,19.998885805034046
430,429,20.001463784296735
430,431,20.000109165567444
431,406,20.006507693704577
431,456,19.99775560690349
431,430,20.000109165567444
431,432,19.988179664889792
432,407,19.99060107938036
432,457,20.001477129615246
432,431,19.988179664889792
432,433,20.002761927250656
433,408,19.990022531173512
433,458,20.008344685372922
433,432,20.002761927250656
433,434,20.012546573234275
434,409,20.012471779446155
434,459,19.98436486641334
434,433,20.012546573234275
434,435,19.992620246998328
435,410,19.98814684614915
435,460,20.01596517245
435,434,19.992620246998328
435,436,20.004155489527516
436,411,20.009760877048137
436,461,19.994568193742772
436,435,20.004155489527516
436,437,20.00453722886302
437,412,20.00957232705258
437,462,19.998060074285252
437,436,20.00453722886302
437,438,19.999729080919664
438,413,19.99465401938992
438,463,19.99052777568913
438,437,19.999729080919664
438,439,19.996608452484537
439,414,19.98950737975502
439,464,19.99863796439273
439,438,19.996608452484537
439,440,19.991000753082673
440,415,20.005575663820327
440,465,19.992207683339007
440,439,19.991000753082673
440,441,20.00411928414407
441,416,20.0098861097294
441,466,19.995357790120124
441,440,20.00411928414407
441,442,19.998303045045425
442,417,19.99356683121355
442,467,20.01177709863004
442,441,19.998303045045425
442,443,19.998068544173098
443,418,20.003621161206485
443,468,19.996127016854057
443,442,19.998068544173098
443,444,20.009095454260247
444,419,20.009797969157724
444,469,19.987188311192334
444,443,20.009095454260247
444,445,19.99531910347356
445,420,19.9836291885959
445,470,20.00410912331517
445,444,19.99531910347356
445,446,19.999213160043343
446,421,20.013947538239208
446,471,19.98231871225806
446,445,19.999213160043343
446,447,20.0043886526926
447,422,20.000137103419874
447,472,19.992814049493496
447,446,20.0043886526926
447,448,19.997093585276566
448,423,20.001208299055325
448,473,20.00477428095222
448,447,19.997093585276566
448,449,20.009483395002093
449,424,20.00006515638089
449,474,20.006610536588205
449,448,20.009483395002093
450,425,19.998869903899468
450,475,19.986860172326583
450,451,20.00488261867385
451,426,20.004594036710884
451,476,19.989652977713472
451,450,20.00488261867385
451,452,19.98805686725777
452,427,20.0021251350406
452,477,20.00623994915299
452,451,19.98805686725777
452,453,20.008865993865623
453,428,19.989274674861274
453,478,20.004457009345742
453,452,20.008865993865623
453,454,20.004896253322325
454,429,20.013839453592762
454,479,19.99914737742302
454,453,20.004896253322325
454,455,19.986911553579333
455,430,19.998885805034046
455,480,19.998105882011817
455,454,19.986911553579333
455,456,20.012963037186033
456,431,19.99775560690349
456,481,19.996572500197452
456,455,20.012963037186033
456,457,19.98579003538844
457,432,20.001477129615246
457,482,20.001029198813352
457,456,19.98579003538844
457,458,20.01490423899559
458,433,20.008344685372922
458,483,19.983551634020962
458,457,20.01490423899559
458,459,19.984888054749973
459,434,19.98436486641334
459,484,19.996823883860277
459,458,19.984888054749973
459,460,20.01210235565688
460,435,20.01596517245
460,485,19.98279849296712
460,459,20.01210235565688
460,461,19.988168402921545
461,436,19.994568193742772
461,486,19.98736906444032
461,460,19.988168402921545
461,462,20.01197566177382
462,437,19.998060074285252
462,487,19.985960320326008
462,461,20.01197566177382
462,463,20.00002902442461
463,438,19.99052777568913
463,488,20.003139105577098
463,462,20.00002902442461
463,464,19.988752621537106
464,439,19.99863796439273
464,489,20.00988748028107
464,463,19.988752621537106
464,465,20.000312902468536
465,440,19.992207683339007
465,490,19.995336805859182
465,464,20.000312902468536
465,466,20.01287062577856
466,441,19.995357790120124
466,491,19.98701356122673
466,465,20.01287062577856
466,467,19.998775825663653
467,442,20.01177709863004
467,492,19.989768865986946
467,466,19.998775825663653
467,468,20.00223887943442
468,443,19.996127016854057
468,493,20.011179111607444
468,467,20.00223887943442
468,469,19.990717694475183
469,444,19.987188311192334
469,494,20.00037015227456
469,468,19.990717694475183
469,470,19.99929602276253
470,445,20.00410912331517
470,495,20.006129660791444
470,469,19.99929602276253
470,471,20.00425046940413
471,446,19.98231871225806
471,496,20.015451342560823
471,470,20.00425046940413
471,472,19.993045745546567
472,447,19.992814049493496
472,497,20.00954856461283
472,471,19.993045745546567
472,473,19.995912521447192
473,448,20.00477428095222
473,498,19.994228467404845
473,472,19.995912521447192
473,474,20.0090784052254
474,449,20.006610536588205
474,499,19.9971678884912
474,473,20.0090784052254
475,450,19.986860172326583
475,500,20.005399489324088
475,476,19.994719732369493
476,451,19.989652977713472
476,501,19.992207276178956
476,475,19.994719732369493
476,477,19.99274521556233
477,452,20.00623994915299
477,502,20.00153565553757
477,476,19.99274521556233
477,478,20.003573718533293
478,453,20.004457009345742
478,503,20.008485343798462
478,477,20.003573718533293
478,479,20.00830752856288
479,454,19.99914737742302
479,504,20.001007059648973
479,478,20.00830752856288
479,480,19.99895579851719
480,455,19.998105882011817
480,505,20.00709964434812
480,479,19.99895579851719
480,481,19.98808130022355
481,456,19.996572500197452
481,506,20.00069756710172
481,480,19.98808130022355
481,482,20.0144353965512
482,457,20.001029198813352
482,507,20.00362060576405
482,481,20.0144353965512
482,483,19.992482294436797
483,458,19.983551634020962
483,508,20.004755616389495
483,482,19.992482294436797
483,484,20.006312072499014
484,459,19.996823883860277
484,509,20.01607920481015
484,483,20.006312072499014
484,485,19.98940045280992
485,460,19.98279849296712
485,510,20.002490797195748
485,484,19.98940045280992
485,486,20.00808857561452
486,461,19.98736906444032
486,511,20.003762845881113
486,485,20.00808857561452
486,487,19.989726887159698
487,462,19.985960320326008
487,512,20.016137672636223
487,486,19.989726887159698
487,488,20.002614100269287
488,463,20.003139105577098
488,513,19.997043449799737
488,487,20.002614100269287
488,489,20.004220518076874
489,464,20.00988748028107
489,514,20.00064441110905
489,488,20.004220518076874
489,490,20.01196821246599
490,465,19.995336805859182
490,515,19.99809562472629
490,489,20.01196821246599
490,491,19.986965345268306
491,466,19.98701356122673
491,516,20.0162472082111
491,490,19.986965345268306
491,492,19.997416842520938
492,467,19.989768865986946
492,517,20.00428109951297
492,491,19.997416842520938
492,493,19.9964867194555
493,468,20.011179111607444
493,518,19.993654525359503
493,492,19.9964867194555
493,494,20.017932153877865
494,469,20.00037015227456
494,519,20.01364414457025
494,493,20.017932153877865
494,495,19.989818453573626
495,470,20.006129660791444
495,520,19.98824810052737
495,494,19.989818453573626
495,496,19.992664537322312
496,471,20.015451342560823
496,521,19.989030860149168
496,495,19.992664537322312
496,497,20.00773466025543
497,472,20.00954856461283
497,522,19.99006877827002
497,496,20.00773466025543
497,498,20.007016072034645
498,473,19.994228467404845
498,523,20.010231326751487
498,497,20.007016072034645
498,499,20.00419934883321
499,474,19.9971678884912
499,524,19.99495856519361
499,498,20.00419934883321
500,475,20.005399489324088
500,525,20.001064440669026
500,501,20.005795256292668
501,476,19.992207276178956
501,526,20.007060216015947
501,500,20.005795256292668
501,502,19.999981134640677
502,477,20.00153565553757
502,527,20.00494503684144
502,501,19.999981134640677
502,503,20.004177242996075
503,478,20.008485343798462
503,528,19.986386775546034
503,502,20.004177242996075
503,504,19.998091800630856
504,479,20.001007059648973
504,529,20.00310784014456
504,503,19.998091800630856
504,505,20.008989077770504
505,480,20.00709964434812
505,530,20.001300502547984
505,504,20.008989077770504
505,506,19.99289891595345
506,481,20.00069756710172
506,531,20.002483675993957
506,505,19.99289891595345
506,507,19.9980966599455
507,482,20.00362060576405
507,532,20.00015469801405
507,506,19.9980966599455
507,508,19.99349945421443
508,483,20.004755616389495
508,533,20.009251334773104
508,507,19.99349945421443
508,509,20.002107575094467
509,484,20.01607920481015
509,534,19.99508627543747
509,508,20.002107575094467
509,510,19.99892803330179
510,485,20.002490797195748
510,535,20.0137344669492
510,509,19.99892803330179
510,511,19.99541191394986
511,486,20.003762845881113
511,536,19.999221696250192
511,510,19.99541191394986
511,512,20.00327277825332
512,487,20.016137672636223
512,537,19.992111427397838
512,511,20.00327277825332
512,513,20.00973945202237
513,488,19.997043449799737
513,538,20.014445883965145
513,512,20.00973945202237
513,514,19.996213631314337
514,489,20.00064441110905
514,539,19.98734475143066
514,513,19.996213631314337
514,515,20.008904389666277
515,490,19.99809562472629
515,540,20.009976377026955
515,514,20.008904389666277
515,516,19.995534745670003
516,491,20.0162472082111
516,541,19.986410466753416
516,515,19.995534745670003
516,517,19.988886966210856
517,492,20.00428109951297
517,542,19.993244267395664
517,516,19.988886966210856
517,518,20.003263276228544
518,493,19.993654525359503
518,543,19.99718684293563
518,517,20.003263276228544
518,519,19.999784929427523
519,494,20.01364414457025
519,544,20.004751347792595
519,518,19.999784929427523
519,520,19.99716445720609
520,495,19.98824810052737
520,545,20.014977640069773
520,519,19.99716445720609
520,521,20.00659261707389
521,496,19.989030860149168
521,546,20.010985528282124
521,520,20.00659261707389
521,522,20.007802987835266
522,497,19.99006877827002
522,547,19.998240693924746
522,521,20.007802987835266
522,523,19.99777726821845
523,498,20.010231326751487
523,548,19.997072251424804
523,522,19.99777726821845
523,524,19.996502140694727
524,499,19.99495856519361
524,549,20.00695883397077
524,523,19.996502140694727
525,500,20.001064440669026
525,550,19.99500556440788
525,526,20.00046365052178
526,501,20.007060216015947
526,551,20.010336995723115
526,525,20.00046365052178
526,527,19.989113754660817
527,502,20.00494503684144
527,552,19.98454450247091
527,526,19.989113754660817
527,528,20.00504592321476
528,503,19.986386775546034
528,553,19.997567199653698
528,527,20.00504592321476
528,529,20.010216625940924
529,504,20.00310784014456
529,554,19.99430497515272
529,528,20.010216625940924
529,530,20.000852388919554
530,505,20.001300502547984
530,555,19.992767503614495
530,529,20.000852388919554
530,531,19.991443319165363
531,506,20.002483675993957
531,556,19.99563826319145
531,530,19.991443319165363
531,532,20.010374129638716
532,507,20.00015469801405
532,557,20.0079727595161
532,531,20.010374129638716
532,533,19.994443349508657
533,508,20.009251334773104
533,558,19.99808154507025
533,532,19.994443349508657
533,534,20.00096063037552
534,509,19.99508627543747
534,559,19.998143186160064
534,533,20.00096063037552
534,535,19.990830501731537
535,510,20.0137344669492
535,560,19.982030143087105
535,534,19.990830501731537
535,536,20.000241678300128
536,511,19.999221696250192
536,561,19.998463817263104
536,535,20.000241678300128
536,537,20.013519176504833
537,512,19.992111427397838
537,562,19.99862950007491
537,536,20.013519176504833
537,538,19.994906259337963
538,513,20.014445883965145
538,563,20.000362303484494
538,537,19.994906259337963
538,539,19.987558982632944
539,514,19.98734475143066
539,564,20.01222803248441
539,538,19.987558982632944
539,540,20.00786293816877
540,515,20.009976377026955
540,565,19.996038475553362
540,539,20.00786293816877
540,541,19.995086190322414
541,516,19.986410466753416
541,566,20.00780883632053
541,540,19.995086190322414
541,542,20.00397559408655
542,517,19.993244267395664
542,567,20.01421169830611
542,541,20.00397559408655
542,543,19.996330135294276
543,518,19.99718684293563
543,568,20.00870867843264
543,542,19.996330135294276
543,544,20.001004424978397
544,519,20.004751347792595
544,569,19.99924237207877
544,543,20.001004424978397
544,545,19.999485365017414
545,520,20.014977640069773
545,570,19.991060333006388
545,544,19.999485365017414
545,546,20.012225505465995
546,521,20.010985528282124
546,571,19.99734381708969
546,545,20.012225505465995
546,547,19.993120900059235
547,522,19.998240693924746
547,572,20.010223944137067
547,546,19.993120900059235
547,548,19.989946837060135
548,523,19.997072251424804
548,573,19.995379133035282
548,547,19.989946837060135
548,549,20.007866067326248
549,524,20.00695883397077
549,574,19.988201001634053
549,548,20.007866067326248
550,525,19.99500556440788
550,575,20.014083071757568
550,551,20.01050280501648
551,526,20.010336995723115
551,576,19.98671129371326
551,550,20.01050280501648
551,552,20.00436254150457
552,527,19.98454450247091
552,577,20.002096458829538
552,551,20.00436254150457
552,553,19.99272706211042
553,528,19.997567199653698
553,578,20.01418812919695
553,552,19.99272706211042
553,554,19.990947305083676
554,529,19.99430497515272
554,579,20.002175597326854
554,553,19.990947305083676
554,555,19.99793227900531
555,530,19.992767503614495
555,580,19.99900374461761
555,554,19.99793227900531
555,556,20.00477131325595
556,531,19.99563826319145
556,581,20.00305646418925
556,555,20.00477131325595
556,557,19.99766705537754
557,532,20.0079727595161
557,582,19.997070472439678
557,556,19.99766705537754
557,558,20.01022086949389
558,533,19.99808154507025
558,583,19.993141255375743
558,557,20.01022086949389
558,559,19.98761286516891
559,534,19.998143186160064
559,584,19.99645800414363
559,558,19.98761286516891
559,560,20.012359993988543
560,535,19.982030143087105
560,585,20.00964707977637
560,559,20.012359993988543
560,561,19.995369613061992
561,536,19.998463817263104
561,586,20.00774565150878
561,560,19.995369613061992
561,562,20.00046741259903
562,537,19.99862950007491
562,587,20.006556534739023
562,561,20.00046741259903
562,563,19.993325132467213
563,538,20.000362303484494
563,588,19.99754348562036
563,562,19.993325132467213
563,564,20.004044512561723
564,539,20.01222803248441
564,589,19.994751088528734
564,563,20.004044512561723
564,565,20.010681878386308
565,540,19.996038475553362
565,590,20.00873820785031
565,564,20.010681878386308
565,566,19.995579241214394
566,541,20.00780883632053
566,591,19.98921001984796
566,565,19.995579241214394
566,567,19.994139991006467
567,542,20.01421169830611
567,592,19.98519886762742
567,566,19.994139991006467
567,568,20.011977462699026
568,543,20.00870867843264
568,593,19.995455148823506
568,567,20.011977462699026
568,569,19.991838019277534
569,544,19.99924237207877
569,594,19.989597099534297
569,568,19.991838019277534
569,570,20.000467286582918
570,545,19.991060333006388
570,595,20.00469730869645
570,569,20.000467286582918
570,571,19.991457108232815
571,546,19.99734381708969
571,596,19.999958489147808
571,570,19.991457108232815
571,572,20.004734727974125
572,547,20.010223944137067
572,597,20.00510696018939
572,571,20.004734727974125
572,573,19.994648190048515
573,548,19.995379133035282
573,598,19.998933440200215
573,572,19.994648190048515
573,574,20.012266970683907
574,549,19.988201001634053
574,599,20.00467663690266
574,573,20.012266970683907
575,550,20.014083071757568
575,600,19.994886632573547
575,576,20.000378008549394
576,551,19.98671129371326
576,601,19.99960460628772
576,575,20.000378008549394
576,577,20.0006201437359
577,552,20.002096458829538
577,602,20.01396444587729
577,576,20.0006201437359
577,578,20.01624290386606
578,553,20.01418812919695
578,603,19.987698540017846
578,577,20.01624290386606
578,579,19.99434391700337
579,554,20.002175597326854
579,604,19.995829302616237
579,578,19.99434391700337
579,580,19.998225611758492
580,555,19.99900374461761
580,605,20.00815328114201
580,579,19.998225611758492
580,581,20.006686314427586
581,556,20.00305646418925
581,606,20.004341065534422
581,580,20.006686314427586
581,582,19.98588986783017
582,557,19.997070472439678
582,607,20.003957163545888
582,581,19.98588986783017
582,583,20.00906586680658
583,558,19.993141255375743
583,608,20.009262401203834
583,582,20.00906586680658
583,584,19.990533483930896
584,559,19.99645800414363
584,609,20.007221676049394
584,583,19.990533483930896
584,585,20.001073079876974
585,560,20.00964707977637
585,610,20.002513627838805
585,584,20.001073079876974
585,586,20.005563855291996
586,561,20.00774565150878
586,611,20.0055156727399
586,585,20.005563855291996
586,587,19.999186118282754
587,562,20.006556534739023
587,612,19.993896739830475
587,586,19.999186118282754
587,588,20.0053276716124
588,563,19.99754348562036
588,613,19.992294660653126
588,587,20.0053276716124
588,589,20.005189137194424
589,564,19.994751088528734
589,614,19.99234710084574
589,588,20.005189137194424
589,590,19.981757047495364
590,565,20.00873820785031
590,615,19.98825115691382
590,589,19.981757047495364
590,591,20.000449616738933
591,566,19.98921001984796
591,616,20.010413979809428
591,590,20.000449616738933
591,592,20.013500658382643
592,567,19.98519886762742
592,617,20.001905311516442
592,591,20.013500658382643
592,593,20.001353900219023
593,568,19.995455148823506
593,618,20.00416191260547
593,592,20.001353900219023
593,594,19.99547501941439
594,569,19.989597099534297
594,619,20.002832094953327
594,593,19.99547501941439
594,595,20.002750113472608
595,570,20.00469730869645
595,620,20.000066986556345
595,594,20.002750113472608
595,596,19.995547898038183
596,571,19.999958489147808
596,621,20.00050461619786
596,595,19.995547898038183
596,597,19.997256048297505
597,572,20.00510696018939
597,622,19.987227363274645
597,596,19.997256048297505
597,598,20.00157507241506
598,573,19.998933440200215
598,623,19.99926111048149
598,597,20.00157507241506
598,599,20.001911599435882
599,574,20.00467663690266
599,624,20.007387885364526
599,598,20.001911599435882
600,575,19.994886632573547
600,601,19.995132809184227
601,576,19.99960460628772
601,600,19.995132809184227
601,602,20.00993733452007
602,577,20.01396444587729
602,601,20.00993733452007
602,603,19.999262253026796
603,578,19.987698540017846
603,602,19.999262253026796
603,604,19.99405934939871
604,579,19.995829302616237
604,603,19.99405934939871
604,605,19.996833675758907
605,580,20.00815328114201
605,604,19.996833675758907
605,606,20.001816727942337
606,581,20.004341065534422
606,605,20.001816727942337
606,607,20.00391015180594
607,582,20.003957163545888
607,606,20.00391015180594
607,608,19.989477953571544
608,583,20.009262401203834
608,607,19.989477953571544
608,609,20.006215428153894
609,584,20.007221676049394
609,608,20.006215428153894
609,610,20.00505283896364
610,585,20.002513627838805
610,609,20.00505283896364
610,611,20.006068954849724
611,586,20.0055156727399
611,610,20.006068954849724
611,612,19.99044435758127
612,587,19.993896739830475
612,611,19.99044435758127
612,613,19.993343061328673
613,588,19.992294660653126
613,612,19.993343061328673
613,614,20.005047647430665
614,589,19.99234710084574
614,613,20.005047647430665
614,615,20.000974786385004
615,590,19.98825115691382
615,614,20.000974786385004
615,616,20.00691574235683
616,591,20.010413979809428
616,615,20.00691574235683
616,617,19.992939170222876
617,592,20.001905311516442
617,616,19.992939170222876
617,618,19.991623978425313
618,593,20.00416191260547
618,617,19.991623978425313
618,619,20.009862709952888
619,594,20.002832094953327
619,618,20.009862709952888
619,620,19.990575475452683
620,595,20.000066986556345
620,619,19.990575475452683
620,621,20.014850862698047
621,596,20.00050461619786
621,620,20.014850862698047
621,622,20.00457723192546
622,597,19.987227363274645
622,621,20.00457723192546
622,623,19.987161750273458
623,598,19.99926111048149
623,622,19.987161750273458
623,624,20.01008511883343
624,599,20.007387885364526
624,623,20.01008511883343
